Workbook

Sheet 정산보고서
A1: 2026 천안공과대학 창의융합 경진대회 — 재료비 정산보고서
A2: 팀명 | B2: 초벌 | C2: 과제명 | D2: 말벌 자동 마킹 트랩 (상용 트랩 레트로핏 모듈) | F2: 팀장 | G2: 이서현 | H2: 정산 담당 | I2: 이승준 | J2: 작성일 | K2: 46324
A4: 지원 한도 (원) | C4: 500000 | D4: 집행 합계 (원) | E4: =SUM(H9:H38) -> 130010 | F4: 잔액 | G4: =C4-E4 -> 369990 | H4: 상태 | I4: =IF(E4>C4,"한도 초과 — 줄일 것",IF(E4=0,"아직 구매 없음","정상")) -> 정상
A5: 입력 방법: 노란 칸만 입력 (파란 글씨). 금액·합계·잔액은 자동 계산. 회색 "예시" 줄은 형식 참고용이라 합계에 안 들어감. 순번 = 영수증 붙이는 순서 = 제품사진 시트 순서. 영수증 하나에 여러 줄(상품·배송비)이면 같은 영수증 번호(R-01 등)를 적음.
A7: 순번 | B7: 구매일 | C7: 구매처 | D7: 품목명 | E7: 규격·모델 | F7: 수량 | G7: 단가 (원) | H7: 금액 (원) | I7: 용도 (도면부호) | J7: 영수증 번호 | K7: 제품 사진 | L7: 국내·신품 확인 | M7: 비고
A8: 예시 | B8: 2026-10-29 | C8: 쿠팡 (로켓배송) | D8: 샤피 크리에이티브 수성 아크릴 마커 5색 | E8: 불렛 팁, 수성 아크릴 | F8: 1 | G8: 8600 | H8: =F8*G8 -> 8600 | I8: 마커 201 — 말벌 흉부 표식 잉크 (노랑) | J8: R-예시 | K8: 사진 예시 | L8: O | M8: 형식 참고용 — 합계 제외
A9: 1 | B9: 46305 | C9: 불로양봉원 (네이버페이) | D9: 말벌포획기 B형 (본체 + 유인액 2병) | E9: 상용 트랩 「야생 말벌 포획기」 | F9: 1 | G9: 54000 | H9: =IF(AND(F9<>"",G9<>""),F9*G9,"") -> 54000 | I9: 레트로핏 모듈의 바탕 상용 트랩 — 포획통을 격리함으로 사용, 설계 실측·표본 채집 | J9: 영수증1 | K9: ="사진 "&A9 -> 사진 1 | L9: O
A10: 2 | B10: 46305 | C10: 불로양봉원 (네이버페이) | D10: 배송비 | E10: — | F10: 1 | G10: 3800 | H10: =IF(AND(F10<>"",G10<>""),F10*G10,"") -> 3800 | I10: 위 품목 배송 | J10: 영수증1 | K10: ="사진 "&A10 -> 사진 2 | L10: O | M10: 배송비 인정 여부 확인 필요
A11: 3 | B11: 46323 | C11: 디바이스마트 (네이버페이) | D11: 라즈베리파이 27W USB-C 아답터 검은색 (공식 정품) | E11: 5.1V 5A, 케이블 일체 | F11: 1 | G11: 18040 | H11: =IF(AND(F11<>"",G11<>""),F11*G11,"") -> 18040 | I11: 제어부 190 — Pi 5 + AI HAT+ + 카메라 전원 | J11: 영수증2 | K11: ="사진 "&A11 -> 사진 3 | L11: O | M11: 영수증에 "외 1건"으로만 표시 → 주문 상세 캡처를 세부내역으로 첨부
A12: 4 | B12: 46323 | C12: 디바이스마트 (네이버페이) | D12: 라즈베리파이5 액티브 쿨러 (정품) | E12: Raspberry Pi Active Cooler | F12: 1 | G12: 7700 | H12: =IF(AND(F12<>"",G12<>""),F12*G12,"") -> 7700 | I12: 제어부 190 — Pi 5 방열 (AI HAT+ 아래) | J12: 영수증2 | K12: ="사진 "&A12 -> 사진 4 | L12: O | M12: R-02 영수증에 품목명 없음 → 주문 상세 캡처로 증빙
A13: 5 | B13: 46323 | C13: 디바이스마트 (네이버페이) | D13: 배송비 | E13: — | F13: 1 | G13: 2700 | H13: =IF(AND(F13<>"",G13<>""),F13*G13,"") -> 2700 | I13: 위 품목 배송 | J13: 영수증2 | K13: ="사진 "&A13 -> 사진 5 | L13: O | M13: 배송비 인정 여부 확인 필요
A14: 6 | B14: 46323 | C14: 하멜른 (네이버페이) | D14: 등검은말벌 표본 Vespa velutina — 국산 액침표본 | E14: 액침표본 | F14: 7 | G14: 3000 | H14: =IF(AND(F14<>"",G14<>""),F14*G14,"") -> 21000 | I14: 설계 실측(흉부 폭·몸 높이), 마킹·검출 시험(J4·J8), VespAI 재학습 사진 | J14: 영수증3 | K14: ="사진 "&A14 -> 사진 6 | L14: O | M14: 표본이 "재료"로 인정되는지 확인 필요. 상품 주문 21,000원(7개)
A15: 7 | B15: 46323 | C15: 하멜른 | D15: 배송비 | E15: — | F15: 1 | G15: 3000 | H15: =IF(AND(F15<>"",G15<>""),F15*G15,"") -> 3000 | I15: 위 품목 배송 | J15: 영수증3 | K15: ="사진 "&A15 -> 사진 7 | L15: O | M15: 배송비 인정 여부 확인 필요
A16: 8 | B16: 46324 | C16: 쿠팡 (로켓배송) | D16: 월드크린 테프론 테이프 4m | E16: PTFE 테이프, 4 m | F16: 1 | G16: 900 | H16: =IF(AND(F16<>"",G16<>""),F16*G16,"") -> 900 | I16: 마커 잉크 부착 시험(J9) 시편 — 말벌 몸 표면처럼 잘 안 붙는 표면 대용 | J16: 영수증5 | K16: ="사진 "&A16 -> 사진 8 | L16: O | M16: 영수증5 = 거래명세표(PDF) + 카드영수증(캡처, 카드번호 일부 보임 → 레포 X)
A17: 9 | B17: 46324 | C17: 쿠팡 (로켓배송) | D17: 샤피 크리에이티브 수성 마커 총알팁 12색 | E17: 수성 아크릴, 불렛(총알) 팁, 12색 1세트 | F17: 1 | G17: 18870 | H17: =IF(AND(F17<>"",G17<>""),F17*G17,"") -> 18870 | I17: 마커 201 — 말벌 흉부 표식 잉크 (노랑 사용), 점 크기·건조 시험(J9) | J17: 영수증6 | K17: ="사진 "&A17 -> 사진 9 | L17: O | M17: 영수증6은 개인 물품 3개와 함께 주문 — 이 품목만 청구(1행). 주문 할인 2,900원은 여러 개 같이 사서 붙은 할인 → 샤피는 18,870원으로 청구 (승준 판단 10/29)
A18: 10 | H18: =IF(AND(F18<>"",G18<>""),F18*G18,"") | K18: ="사진 "&A18 -> 사진 10
A19: 11 | H19: =IF(AND(F19<>"",G19<>""),F19*G19,"") | K19: ="사진 "&A19 -> 사진 11
A20: 12 | H20: =IF(AND(F20<>"",G20<>""),F20*G20,"") | K20: ="사진 "&A20 -> 사진 12
A21: 13 | H21: =IF(AND(F21<>"",G21<>""),F21*G21,"") | K21: ="사진 "&A21 -> 사진 13
A22: 14 | H22: =IF(AND(F22<>"",G22<>""),F22*G22,"") | K22: ="사진 "&A22 -> 사진 14
A23: 15 | H23: =IF(AND(F23<>"",G23<>""),F23*G23,"") | K23: ="사진 "&A23 -> 사진 15
A24: 16 | H24: =IF(AND(F24<>"",G24<>""),F24*G24,"") | K24: ="사진 "&A24 -> 사진 16
A25: 17 | H25: =IF(AND(F25<>"",G25<>""),F25*G25,"") | K25: ="사진 "&A25 -> 사진 17
A26: 18 | H26: =IF(AND(F26<>"",G26<>""),F26*G26,"") | K26: ="사진 "&A26 -> 사진 18
A27: 19 | H27: =IF(AND(F27<>"",G27<>""),F27*G27,"") | K27: ="사진 "&A27 -> 사진 19
A28: 20 | H28: =IF(AND(F28<>"",G28<>""),F28*G28,"") | K28: ="사진 "&A28 -> 사진 20
A29: 21 | H29: =IF(AND(F29<>"",G29<>""),F29*G29,"") | K29: ="사진 "&A29 -> 사진 21
... A38: 30 | H38: =IF(AND(F38<>"",G38<>""),F38*G38,"") | K38: ="사진 "&A38 -> 사진 30
A39: 합계 | H39: =SUM(H9:H38) -> 130010

Sheet 제품사진
A1: 제품 사진 (정산보고서 필수) — 순번별로 받은 물건 사진을 C열 칸에 붙임
A2: 순번 | B2: 품목명 | C2: 사진 (여기에 붙이기) | D2: 촬영일
A3: =정산보고서!A9 -> 1 | B3: =IF(정산보고서!D9="","",정산보고서!D9) -> 말벌포획기 B형 (본체 + 유인액 2병)
A4: =정산보고서!A10 -> 2 | B4: =IF(정산보고서!D10="","",정산보고서!D10) -> 배송비
A5: =정산보고서!A11 -> 3 | B5: =IF(정산보고서!D11="","",정산보고서!D11) -> 라즈베리파이 27W USB-C 아답터 검은색 (공식 정품)
A6: =정산보고서!A12 -> 4 | B6: =IF(정산보고서!D12="","",정산보고서!D12) -> 라즈베리파이5 액티브 쿨러 (정품)
A7: =정산보고서!A13 -> 5 | B7: =IF(정산보고서!D13="","",정산보고서!D13) -> 배송비
A8: =정산보고서!A14 -> 6 | B8: =IF(정산보고서!D14="","",정산보고서!D14) -> 등검은말벌 표본 Vespa velutina — 국산 액침표본
A9: =정산보고서!A15 -> 7 | B9: =IF(정산보고서!D15="","",정산보고서!D15) -> 배송비
A10: =정산보고서!A16 -> 8 | B10: =IF(정산보고서!D16="","",정산보고서!D16) -> 월드크린 테프론 테이프 4m
A11: =정산보고서!A17 -> 9 | B11: =IF(정산보고서!D17="","",정산보고서!D17) -> 샤피 크리에이티브 수성 마커 총알팁 12색
A12: =정산보고서!A18 -> 10 | B12: =IF(정산보고서!D18="","",정산보고서!D18)
A13: =정산보고서!A19 -> 11 | B13: =IF(정산보고서!D19="","",정산보고서!D19)
A14: =정산보고서!A20 -> 12 | B14: =IF(정산보고서!D20="","",정산보고서!D20)
... A32: =정산보고서!A38 -> 30 | B32: =IF(정산보고서!D38="","",정산보고서!D38)

Sheet 작성요령
B1: 재료비 정산 규칙 요약 (출처: 2026 천안공과대학 창의융합 경진대회 설명회 자료)
B2: 지원 한도 50만 원, 초과 불가. 과제물 제작에 필요한 재료만 인정.
B3: 불인정: 사무용품(복사용지·볼펜·마우스 등), 전산용품(하드디스크·램·메모리·토너 등), 계속 쓰는 공구(드릴·피펫·전기톱 등).
B4: 해외구매·중고거래 불가. 불인정 항목 집행 또는 서류 미충족 시 재료비 전액 환수.
B5: 정산 금액은 팀장 계좌로 입금 (경진대회 종료 후). 애매한 물품은 설명회 자료상 팀장이 담당자에게 메일로 문의.
B6: 제출 서류 (2026-11-30)
B7: 이 정산보고서(제품 사진 포함) / 과제결과보고서 / 영수증(세부내역 필수) / 재학증명서(팀원 전부) / 통장사본(팀장만)
B8: 영수증
B9: 영수증 붙이는 순서 = 이 표의 순번 순서. 순서가 다르면 영수증에 순번(R-01 등)을 적음.
B10: 세부내역(품목·금액)이 보이는 영수증. 견적서도 가능 — 수신자는 팀장·팀원 이름 (연구실·지도교수님 이름 X). 수기 영수증은 업체 직인 필요.
B11: 주문할 때마다 확인
B12: □ 국내 판매처·신품인가 (해외 직구, 쿠팡 로켓직구, 중고 X) □ 사무·전산용품·공구가 아닌가
... B15: 정산 담당 이승준. 레포 purchase/ 폴더에 보관 (영수증 원본·통장사본·재학증명서는 개인정보라 레포에 올리지 않음).
